






























XX	-1416-17042	Pacific/Pago_Pago	Midway; Samoa ("SST")


XX	-1901-16955	Pacific/Niue	Niue


XX	+211825-1575130	Pacific/Honolulu	Hawaii ("HST")


XX	-1732-14934	Pacific/Tahiti	Tahiti; Cook Islands


XX	+515248-1763929	America/Adak	western Aleutians in Alaska ("HST/HDT")


XX	-0900-13930	Pacific/Marquesas	Marquesas


XX	-2308-13457	Pacific/Gambier	Gambier


XX	+611305-1495401	America/Anchorage	most of Alaska ("AKST/AKDT")


XX	-2504-13005	Pacific/Pitcairn	Pitcairn


XX	+340308-1181434	America/Los_Angeles	Pacific ("PST/PDT") - US & Canada; Mexico near US border


XX	+332654-1120424	America/Phoenix	Mountain Standard ("MST") - Arizona; western Mexico; Yukon


XX	+394421-1045903	America/Denver	Mountain ("MST/MDT") - US & Canada; Mexico near US border


XX	-0054-08936	Pacific/Galapagos	Galápagos


XX	+1924-09909	America/Mexico_City	Central Standard ("CST") - Saskatchewan; central Mexico; Central America


XX	-2709-10926	Pacific/Easter	Easter Island


XX	+415100-0873900	America/Chicago	Central ("CST/CDT") - US & Canada; Mexico near US border


XX	-1203-07703	America/Lima	eastern South America


XX	+175805-0764736	America/Jamaica	Eastern Standard ("EST") - Caymans; Jamaica; eastern Mexico; Panama


XX	+2308-08222	America/Havana	Cuba


XX	+404251-0740023	America/New_York	Eastern ("EST/EDT") - US & Canada


XX	+1030-06656	America/Caracas	western South America


XX	+1828-06954	America/Santo_Domingo	Atlantic Standard ("AST") - eastern Caribbean


XX	-3327-07040	America/Santiago	most of Chile


XX	+4439-06336	America/Halifax	Atlantic ("AST/ADT") - Canada; Bermuda


XX	+4734-05243	America/St_Johns	Newfoundland ("NST/NDT")


XX	-2332-04637	America/Sao_Paulo	eastern and southern South America


XX	+4703-05620	America/Miquelon	St Pierre & Miquelon


XX	-0351-03225	America/Noronha	Fernando de Noronha; South Georgia


XX	+6411-05144	America/Nuuk	most of Greenland


XX	+1455-02331	Atlantic/Cape_Verde	Cape Verde


XX	+3744-02540	Atlantic/Azores	Azores


XX	+0519-00402	Africa/Abidjan	far western Africa; Iceland ("GMT")


XX	+513030-0000731	Europe/London	United Kingdom ("GMT/BST")


XX	+3843-00908	Europe/Lisbon	western Europe ("WET/WEST")


XX	-720041+0023206	Antarctica/Troll	Troll Station in Antarctica


XX	+3647+00303	Africa/Algiers	Algeria, Tunisia ("CET")


XX	+0627+00324	Africa/Lagos	western Africa ("WAT")


XX	+5320-00615	Europe/Dublin	Ireland ("IST/GMT")


XX	+3339-00735	Africa/Casablanca	Morocco


XX	+4852+00220	Europe/Paris	central Europe ("CET/CEST")


XX	-2558+03235	Africa/Maputo	central Africa ("CAT")


XX	+3254+01311	Africa/Tripoli	Libya; Kaliningrad ("EET")


XX	-2615+02800	Africa/Johannesburg	southern Africa ("SAST")


XX	+3758+02343	Europe/Athens	eastern Europe ("EET/EEST")


XX	+3003+03115	Africa/Cairo	Egypt


XX	+3353+03530	Asia/Beirut	Lebanon


XX	+4700+02850	Europe/Chisinau	Moldova


XX	+3130+03428	Asia/Gaza	Palestine


XX	+314650+0351326	Asia/Jerusalem	Israel


XX	+4101+02858	Europe/Istanbul	Near East; Belarus


XX	-0117+03649	Africa/Nairobi	eastern Africa ("EAT")


XX	+554521+0373704	Europe/Moscow	Moscow ("MSK")


XX	+3540+05126	Asia/Tehran	Iran


XX	+2518+05518	Asia/Dubai	Russia; Caucasus; Persian Gulf; Seychelles; Réunion


XX	+3431+06912	Asia/Kabul	Afghanistan


XX	+4120+06918	Asia/Tashkent	Russia; Kazakhstan; Tajikistan; Turkmenistan; Uzbekistan; Maldives


XX	+2452+06703	Asia/Karachi	Pakistan ("PKT")


XX	+0656+07951	Asia/Colombo	Sri Lanka


XX	+2232+08822	Asia/Kolkata	India ("IST")


XX	+2743+08519	Asia/Kathmandu	Nepal


XX	+2343+09025	Asia/Dhaka	Russia; Kyrgyzstan; Bhutan; Bangladesh; Chagos


XX	+1647+09610	Asia/Yangon	Myanmar; Cocos


XX	+1345+10031	Asia/Bangkok	Russia; Indochina; Christmas Island


XX	-0610+10648	Asia/Jakarta	Indonesia ("WIB")


XX	+0117+10351	Asia/Singapore	Russia; Brunei; Malaysia; Singapore; Concordia


XX	-3157+11551	Australia/Perth	Western Australia ("AWST")


XX	+3114+12128	Asia/Shanghai	China ("CST")


XX	+2217+11409	Asia/Hong_Kong	Hong Kong ("HKT")


XX	+143512+1205804	Asia/Manila	Philippines ("PHT")


XX	-0507+11924	Asia/Makassar	Indonesia ("WITA")


XX	-3143+12852	Australia/Eucla	Eucla


XX	+5203+11328	Asia/Chita	Russia; Palau; East Timor


XX	+353916+1394441	Asia/Tokyo	Japan ("JST"); Eyre Bird Observatory


XX	+3733+12658	Asia/Seoul	Korea ("KST")


XX	-0232+14042	Asia/Jayapura	Indonesia ("WIT")


XX	-1228+13050	Australia/Darwin	Northern Territory ("ACST")


XX	-3455+13835	Australia/Adelaide	South Australia ("ACST/ACDT")


XX	+4310+13156	Asia/Vladivostok	Russia; Yap; Chuuk; Papua New Guinea; Dumont d'Urville


XX	-2728+15302	Australia/Brisbane	Queensland ("AEST")


XX	+1328+14445	Pacific/Guam	Mariana Islands ("ChST")


XX	-3352+15113	Australia/Sydney	southeast Australia ("AEST/AEDT")


XX	-3133+15905	Australia/Lord_Howe	Lord Howe Island


XX	-0613+15534	Pacific/Bougainville	Russia; Kosrae; Bougainville; Solomons


XX	-2903+16758	Pacific/Norfolk	Norfolk Island


XX	+5301+15839	Asia/Kamchatka	Russia; Tuvalu; Fiji; etc.


XX	-3652+17446	Pacific/Auckland	New Zealand ("NZST/NZDT")


XX	-4357-17633	Pacific/Chatham	Chatham Islands


XX	-210800-1751200	Pacific/Tongatapu	Kanton; Tokelau; Samoa (western); Tonga


XX	+0152-15720	Pacific/Kiritimati	Kiritimati
